<PAMDataset>
  <PAMRasterBand band="1">
    <Description>Layer_1</Description>
    <ColorInterp>Red</ColorInterp>
    <Metadata>
      <MDI key="LAYER_TYPE">athematic</MDI>
    </Metadata>
  </PAMRasterBand>
  <PAMRasterBand band="2">
    <Description>Layer_2</Description>
    <ColorInterp>Green</ColorInterp>
    <Metadata>
      <MDI key="LAYER_TYPE">athematic</MDI>
    </Metadata>
  </PAMRasterBand>
  <PAMRasterBand band="3">
    <Description>Layer_3</Description>
    <ColorInterp>Blue</ColorInterp>
    <Metadata>
      <MDI key="LAYER_TYPE">athematic</MDI>
    </Metadata>
  </PAMRasterBand>
</PAMDataset>
